,true_value
2011-07-29,0.0
2011-07-30,0.0
2011-07-31,0.0
2011-08-01,0.0
2011-08-02,0.0
2011-08-03,0.0
2011-08-04,0.0
2011-08-05,0.0
2011-08-06,0.0
2011-08-07,0.0
2011-08-08,0.0
2011-08-09,0.0
2011-08-10,0.0
2011-08-11,0.0
2011-08-12,0.0
2011-08-13,0.0
2011-08-14,0.0
2011-08-15,0.0
2011-08-16,0.0
2011-08-17,0.0
2011-08-18,0.0
2011-08-19,0.0
2011-08-20,0.0
2011-08-21,0.0
2011-08-22,0.0
2011-08-23,0.0
2011-08-24,0.0
2011-08-25,0.0
2011-08-26,0.0
2011-08-27,0.0
2011-08-28,0.0
2011-08-29,0.0
2011-08-30,0.0
2011-08-31,0.0
2011-09-01,0.0
2011-09-02,0.0
2011-09-03,0.0
2011-09-04,0.0
2011-09-05,0.0
2011-09-06,0.0
2011-09-07,0.0
2011-09-08,0.0
2011-09-09,0.0
2011-09-10,0.0
2011-09-11,0.0
2011-09-12,0.0
2011-09-13,0.0
2011-09-14,0.0
2011-09-15,0.0
2011-09-16,0.0
2011-09-17,0.0
2011-09-18,0.0
2011-09-19,0.0
2011-09-20,0.0
2011-09-21,0.0
2011-09-22,0.0
2011-09-23,0.0
2011-09-24,0.0
2011-09-25,0.0
2011-09-26,0.0
2011-09-27,0.0
2011-09-28,0.0
2011-09-29,0.0
2011-09-30,0.0
2011-10-01,0.0
2011-10-02,0.0
2011-10-03,0.0
2011-10-04,0.0
2011-10-05,0.0
2011-10-06,0.0
2011-10-07,0.0
2011-10-08,0.0
2011-10-09,0.0
2011-10-10,0.0
2011-10-11,0.0
2011-10-12,0.0
2011-10-13,8.262052
2011-10-14,6.259466
2011-10-15,4.622894
2011-10-16,0.0
2011-10-17,4.023361
2011-10-18,15.474944
2011-10-19,6.762254
2011-10-20,6.073878
2011-10-21,27.647797
2011-10-22,0.0
2011-10-23,0.0
2011-10-24,10.639516
2011-10-25,16.928946
2011-10-26,9.505879
2011-10-27,17.094515
2011-10-28,21.57965
2011-10-29,0.0
2011-10-30,0.0
2011-10-31,11.499884
2011-11-01,18.721506
2011-11-02,4.813569
2011-11-03,15.799759
2011-11-04,19.01498
2011-11-05,0.0
2011-11-06,18.327682
2011-11-07,2.722236
2011-11-08,1.982183
2011-11-09,15.387816
2011-11-10,21.347801
2011-11-11,10.22012
2011-11-12,7.075383
2011-11-13,17.8114
2011-11-14,6.55278
2011-11-15,8.546498
2011-11-16,8.550167
2011-11-17,0.0
2011-11-18,15.941258
2011-11-19,0.0
2011-11-20,8.441506
2011-11-21,19.505018
2011-11-22,3.456071
2011-11-23,8.2719
2011-11-24,0.0
2011-11-25,0.0
2011-11-26,12.887512
2011-11-27,0.0
2011-11-28,10.453174
2011-11-29,11.038736
2011-11-30,19.080433
2011-12-01,12.501263
2011-12-02,22.79975
2011-12-03,0.0
2011-12-04,3.278953
2011-12-05,13.17617
2011-12-06,18.295652
2011-12-07,18.4842
2011-12-08,7.305709
2011-12-09,11.312962
2011-12-10,8.178254
2011-12-11,8.139627
2011-12-12,17.994865
2011-12-13,24.793892
2011-12-14,10.704819
2011-12-15,4.268886
2011-12-16,0.0
2011-12-17,15.910392
2011-12-18,0.0
2011-12-19,2.165911
2011-12-20,2.520405
2011-12-21,7.240505
2011-12-22,8.193753
2011-12-23,9.039984
2011-12-24,10.182566
2011-12-25,0.0
2011-12-26,9.796748
2011-12-27,0.0
2011-12-28,7.685862
2011-12-29,0.0
2011-12-30,15.815318
2011-12-31,5.756423
2012-01-01,0.0
2012-01-02,0.0
2012-01-03,2.349923
2012-01-04,13.340365
2012-01-05,3.401787
2012-01-06,5.565489
2012-01-07,5.730107
2012-01-08,14.252575
2012-01-09,14.722841
2012-01-10,10.580201
2012-01-11,16.509586
2012-01-12,14.221469
2012-01-13,33.67284
2012-01-14,18.240778
2012-01-15,5.136543
2012-01-16,0.0
2012-01-17,4.64475
2012-01-18,12.32192
2012-01-19,11.764094
2012-01-20,26.634567
2012-01-21,10.844376
2012-01-22,0.0
2012-01-23,6.281987
2012-01-24,8.258713
2012-01-25,15.974336
2012-01-26,13.966112
2012-01-27,13.240064
2012-01-28,0.0
2012-01-29,10.912305
2012-01-30,12.770063
2012-01-31,0.0
2012-02-01,26.408817
2012-02-02,6.671606
2012-02-03,21.951845
2012-02-04,0.0
2012-02-05,0.0
2012-02-06,1.86881
2012-02-07,3.233676
2012-02-08,35.668556
2012-02-09,15.661001
2012-02-10,9.04176
2012-02-11,0.0
2012-02-12,5.318869
2012-02-13,11.292391
2012-02-14,13.617849
2012-02-15,17.345036
2012-02-16,21.379913
2012-02-17,4.689495
2012-02-18,6.077813
2012-02-19,5.270363
2012-02-20,10.672216
2012-02-21,7.202786
2012-02-22,17.180763
2012-02-23,8.136272
2012-02-24,24.108644
2012-02-25,6.022845
2012-02-26,10.353363
2012-02-27,28.098171
2012-02-28,18.413698
2012-02-29,19.858746
2012-03-01,22.23416
2012-03-02,14.838993
2012-03-03,7.381566
2012-03-04,0.0
2012-03-05,11.33969
2012-03-06,21.744596
2012-03-07,18.395588
2012-03-08,16.075409
2012-03-09,10.095444
2012-03-10,14.673207
2012-03-11,9.290657
2012-03-12,38.366817
2012-03-13,26.919117
2012-03-14,3.538974
2012-03-15,16.227558
2012-03-16,23.228819
2012-03-17,12.902377
2012-03-18,5.058076
2012-03-19,12.877544
2012-03-20,29.547892
2012-03-21,24.81574
2012-03-22,15.57168
2012-03-23,9.308538
2012-03-24,13.506574
2012-03-25,7.663785
2012-03-26,9.830795
2012-03-27,11.066097
2012-03-28,24.825327
2012-03-29,15.368515
2012-03-30,23.95717
2012-03-31,26.140413
2012-04-01,7.107832
2012-04-02,14.11862
2012-04-03,35.178604
2012-04-04,43.188416
2012-04-05,17.29364
2012-04-06,32.06673
2012-04-07,27.573105
2012-04-08,18.384995
2012-04-09,25.819178
2012-04-10,18.25543
2012-04-11,8.094978
2012-04-12,21.097265
2012-04-13,49.582577
2012-04-14,0.0
2012-04-15,0.0
2012-04-16,29.251541
2012-04-17,31.292513
2012-04-18,22.300339
2012-04-19,24.419935
2012-04-20,23.386578
2012-04-21,6.649808
2012-04-22,20.805735
2012-04-23,6.425147
2012-04-24,30.88738
2012-04-25,20.865976
2012-04-26,23.156149
2012-04-27,11.768186
2012-04-28,6.125125
2012-04-29,7.853112
2012-04-30,36.95911
2012-05-01,56.949093
2012-05-02,20.345968
2012-05-03,36.00635
2012-05-04,38.655563
2012-05-05,24.094034
2012-05-06,9.514155
2012-05-07,35.56283
2012-05-08,36.813065
2012-05-09,20.66901
2012-05-10,36.59716
2012-05-11,28.428839
2012-05-12,6.084821
2012-05-13,5.298706
2012-05-14,28.200706
2012-05-15,34.023396
2012-05-16,37.66374
2012-05-17,25.072779
2012-05-18,23.371597
2012-05-19,6.288818
2012-05-20,0.0
2012-05-21,17.523268
2012-05-22,29.660875
2012-05-23,30.986326
2012-05-24,26.339727
2012-05-25,42.45264
2012-05-26,18.813122
2012-05-27,10.250339
2012-05-28,20.149633
2012-05-29,26.665037
2012-05-30,33.628532
2012-05-31,33.64533
2012-06-01,25.077349
2012-06-02,18.141403
2012-06-03,27.24975
2012-06-04,18.516989
2012-06-05,24.91203
2012-06-06,36.54958
2012-06-07,41.43404
2012-06-08,17.182764
2012-06-09,6.36528
2012-06-10,21.95406
2012-06-11,16.719782
2012-06-12,25.012209
2012-06-13,10.977928
2012-06-14,30.482992
2012-06-15,41.82933
2012-06-16,26.723703
2012-06-17,27.344395
2012-06-18,17.00767
2012-06-19,17.903433
2012-06-20,14.023706
2012-06-21,32.622856
2012-06-22,14.458096
2012-06-23,4.449414
2012-06-24,0.0
2012-06-25,16.649446
2012-06-26,22.628822
2012-06-27,25.743372
2012-06-28,20.506336
2012-06-29,17.415615
2012-06-30,19.946367
2012-07-01,3.199486
2012-07-02,17.449652
2012-07-03,11.638669
2012-07-04,21.806744
2012-07-05,29.292372
2012-07-06,40.461823
2012-07-07,1.415532
2012-07-08,15.675869
2012-07-09,41.56874
2012-07-10,17.198612
2012-07-11,30.28378
2012-07-12,22.721212
2012-07-13,25.018503
2012-07-14,22.061245
2012-07-15,0.0
2012-07-16,43.606228
2012-07-17,17.437902
2012-07-18,26.952114
2012-07-19,47.231045
2012-07-20,33.62734
2012-07-21,24.244307
2012-07-22,17.466902
2012-07-23,27.175035
2012-07-24,34.35855
2012-07-25,11.811257
2012-07-26,10.606751
2012-07-27,35.821495
2012-07-28,4.983945
2012-07-29,14.672645
2012-07-30,11.452301
2012-07-31,24.117579
2012-08-01,44.435986
2012-08-02,17.78493
2012-08-03,25.582718
2012-08-04,3.052174
2012-08-05,7.474788
2012-08-06,8.866494
2012-08-07,36.89558
2012-08-08,31.81469
2012-08-09,18.564573
2012-08-10,29.450674
2012-08-11,10.529422
2012-08-12,10.776076
2012-08-13,31.598783
2012-08-14,50.076115
2012-08-15,22.269321
2012-08-16,22.599058
2012-08-17,19.966997
2012-08-18,12.47477
2012-08-19,0.0
2012-08-20,29.651625
2012-08-21,17.565056
2012-08-22,19.389769
2012-08-23,36.07705
2012-08-24,26.708975
2012-08-25,12.635672
2012-08-26,4.849895
2012-08-27,41.240948
2012-08-28,25.292852
2012-08-29,29.981377
2012-08-30,42.38534
2012-08-31,22.899992
2012-09-01,6.670723
2012-09-02,12.28744
2012-09-03,8.952549
2012-09-04,21.445095
2012-09-05,42.86467
2012-09-06,13.530971
2012-09-07,22.876585
2012-09-08,7.517551
2012-09-09,12.364516
2012-09-10,32.99025
2012-09-11,36.437492
2012-09-12,17.524446
2012-09-13,26.407894
2012-09-14,34.525867
2012-09-15,19.192595
2012-09-16,7.645814
2012-09-17,21.826048
2012-09-18,47.633507
2012-09-19,18.048372
2012-09-20,32.154694
2012-09-21,32.38562
2012-09-22,16.84242
2012-09-23,17.35763
2012-09-24,40.947178
2012-09-25,10.438544
2012-09-26,12.318811
2012-09-27,35.34733
2012-09-28,32.133633
2012-09-29,12.309582
2012-09-30,19.493177
2012-10-01,30.58323
2012-10-02,27.208551
2012-10-03,24.442434
2012-10-04,30.265297
2012-10-05,56.821884
2012-10-06,4.189432
2012-10-07,17.499792
2012-10-08,29.164104
2012-10-09,42.057247
2012-10-10,26.512535
2012-10-11,30.6219
2012-10-12,20.808163
2012-10-13,17.775625
2012-10-14,13.538931
2012-10-15,17.510153
2012-10-16,26.20663
2012-10-17,19.795094
2012-10-18,14.685546
2012-10-19,8.590624
2012-10-20,26.174067
2012-10-21,0.794564
2012-10-22,21.744879
2012-10-23,24.868057
2012-10-24,30.325975
2012-10-25,27.409292
2012-10-26,43.086903
2012-10-27,23.252188
2012-10-28,16.85222
2012-10-29,44.353283
2012-10-30,18.244131
2012-10-31,27.363358
2012-11-01,26.45627
2012-11-02,35.91044
2012-11-03,28.99038
2012-11-04,4.866874
2012-11-05,41.071606
2012-11-06,23.513885
2012-11-07,49.888374
2012-11-08,45.661533
2012-11-09,42.948063
2012-11-10,40.20968
2012-11-11,0.935619
2012-11-12,21.350876
2012-11-13,12.174682
2012-11-14,29.611464
2012-11-15,47.468857
2012-11-16,37.886494
2012-11-17,22.577782
2012-11-18,9.438752
2012-11-19,42.992928
2012-11-20,48.549423
2012-11-21,22.366234
2012-11-22,0.0
2012-11-23,31.972034
2012-11-24,5.731761
2012-11-25,14.970695
2012-11-26,35.814095
2012-11-27,31.146358
2012-11-28,25.192322
2012-11-29,34.174934
2012-11-30,47.289303
2012-12-01,16.043268
2012-12-02,34.118923
2012-12-03,44.195705
2012-12-04,54.081062
2012-12-05,26.854876
2012-12-06,19.460985
2012-12-07,46.274593
2012-12-08,21.49323
2012-12-09,16.590595
2012-12-10,34.66558
2012-12-11,30.77306
2012-12-12,29.136744
2012-12-13,47.86974
2012-12-14,34.19807
2012-12-15,41.847725
2012-12-16,3.786808
2012-12-17,36.457947
2012-12-18,40.508965
2012-12-19,28.295958
2012-12-20,31.447706
2012-12-21,23.19209
2012-12-22,25.30452
2012-12-23,9.042039
2012-12-24,8.919173
2012-12-25,0.0
2012-12-26,22.457611
2012-12-27,38.481842
2012-12-28,33.0787
2012-12-29,20.271616
2012-12-30,12.430039
2012-12-31,16.79901
2013-01-01,0.0
2013-01-02,72.11947
2013-01-03,46.785538
2013-01-04,46.088436
2013-01-05,18.432693
2013-01-06,24.006264
2013-01-07,49.143692
2013-01-08,20.120165
2013-01-09,35.14208
2013-01-10,33.320156
2013-01-11,31.083763
2013-01-12,40.633686
2013-01-13,91.3659
2013-01-14,38.298138
2013-01-15,38.83842
2013-01-16,56.539642
2013-01-17,58.3462
2013-01-18,50.625137
2013-01-19,17.628092
2013-01-20,23.997297
2013-01-21,28.352304
2013-01-22,51.607098
2013-01-23,72.082214
2013-01-24,34.357826
2013-01-25,48.02354
2013-01-26,35.93038
2013-01-27,41.38092
2013-01-28,42.148277
2013-01-29,20.353058
2013-01-30,47.43006
2013-01-31,28.562485
2013-02-01,53.517532
2013-02-02,18.492151
2013-02-03,8.971189
2013-02-04,68.28849
2013-02-05,49.534977
2013-02-06,51.792034
2013-02-07,36.918053
2013-02-08,53.297485
2013-02-09,16.087027
2013-02-10,71.42746
2013-02-11,53.158154
2013-02-12,41.771473
2013-02-13,47.151035
2013-02-14,21.17517
2013-02-15,49.82869
2013-02-16,14.751673
2013-02-17,3.301732
2013-02-18,45.79171
2013-02-19,59.571915
2013-02-20,55.480694
2013-02-21,62.356674
2013-02-22,35.254097
2013-02-23,38.916897
2013-02-24,25.995861
2013-02-25,38.102142
2013-02-26,48.606327
2013-02-27,63.807716
2013-02-28,40.73437
2013-03-01,43.03821
2013-03-02,31.059437
2013-03-03,6.506518
2013-03-04,43.70456
2013-03-05,30.137487
2013-03-06,33.940716
2013-03-07,43.36496
2013-03-08,36.82254
2013-03-09,11.040709
2013-03-10,5.432656
2013-03-11,59.752888
2013-03-12,41.057964
2013-03-13,42.826168
2013-03-14,52.121536
2013-03-15,62.80636
2013-03-16,23.665909
2013-03-17,7.777619
2013-03-18,43.897408
2013-03-19,37.75545
2013-03-20,45.66022
2013-03-21,44.38044
2013-03-22,75.50474
2013-03-23,17.438519
2013-03-24,3.475832
2013-03-25,0.0
2013-03-26,26.751774
2013-03-27,38.185993
2013-03-28,74.90156
2013-03-29,44.885635
2013-03-30,22.190935
2013-03-31,6.807357
2013-04-01,36.758366
2013-04-02,31.45416
2013-04-03,46.12141
2013-04-04,26.125278
2013-04-05,43.47636
2013-04-06,32.013218
2013-04-07,11.385302
2013-04-08,38.541733
2013-04-09,31.724594
2013-04-10,40.729164
2013-04-11,38.4321
2013-04-12,37.118748
2013-04-13,21.630325
2013-04-14,28.649124
2013-04-15,25.193605
2013-04-16,25.534716
2013-04-17,15.313831
2013-04-18,16.246819
2013-04-19,29.302994
2013-04-20,14.540662
2013-04-21,24.413155
2013-04-22,34.046757
2013-04-23,32.982006
2013-04-24,49.017826
2013-04-25,38.235416
2013-04-26,72.735916
2013-04-27,15.629247
2013-04-28,34.33251
2013-04-29,51.78454
2013-04-30,47.52722
2013-05-01,68.04571
2013-05-02,50.433823
2013-05-03,42.553844
2013-05-04,24.654072
2013-05-05,13.284708
2013-05-06,21.999338
2013-05-07,38.305717
2013-05-08,31.158974
2013-05-09,54.114544
2013-05-10,53.486237
2013-05-11,26.052843
2013-05-12,56.158787
2013-05-13,45.53913
2013-05-14,45.690804
2013-05-15,26.001064
2013-05-16,40.4215
2013-05-17,54.56008
2013-05-18,45.351547
2013-05-19,43.100292
2013-05-20,60.88021
2013-05-21,40.49952
2013-05-22,57.178528
2013-05-23,33.797863
2013-05-24,31.554953
2013-05-25,38.74074
2013-05-26,21.634972
2013-05-27,22.747189
2013-05-28,37.506767
2013-05-29,35.053146
2013-05-30,59.13901
2013-05-31,61.509167
2013-06-01,14.494026
2013-06-02,40.586987
2013-06-03,54.105995
2013-06-04,72.679634
2013-06-05,73.85425
2013-06-06,27.202257
2013-06-07,33.708633
2013-06-08,32.13266
2013-06-09,25.065264
2013-06-10,25.029613
2013-06-11,43.668266
2013-06-12,41.823956
2013-06-13,48.121674
2013-06-14,40.456486
2013-06-15,19.155952
2013-06-16,52.749626
2013-06-17,32.723774
2013-06-18,37.21764
2013-06-19,35.01646
2013-06-20,42.150417
2013-06-21,46.249744
2013-06-22,15.971071
2013-06-23,20.904558
2013-06-24,38.309074
2013-06-25,33.945194
2013-06-26,43.860806
2013-06-27,40.29903
2013-06-28,45.876217
2013-06-29,35.23308
2013-06-30,43.165264
2013-07-01,40.72773
2013-07-02,27.29742
2013-07-03,32.73711
2013-07-04,22.305595
2013-07-05,23.861769
2013-07-06,16.046732
2013-07-07,34.614975
2013-07-08,34.03385
2013-07-09,67.20217
2013-07-10,38.12206
2013-07-11,28.13437
2013-07-12,76.18597
2013-07-13,22.797293
2013-07-14,43.5586
2013-07-15,44.1093
2013-07-16,55.75854
2013-07-17,43.753952
2013-07-18,53.109695
2013-07-19,52.335396
2013-07-20,32.4626
2013-07-21,43.65041
2013-07-22,54.837845
2013-07-23,21.808775
2013-07-24,52.76561
2013-07-25,43.309635
2013-07-26,40.727325
2013-07-27,35.02437
2013-07-28,9.438468
2013-07-29,25.969604
2013-07-30,31.157717
2013-07-31,48.679897
2013-08-01,51.0699
2013-08-02,48.017117
2013-08-03,44.374886
2013-08-04,4.354215
2013-08-05,38.907314
2013-08-06,56.817616
2013-08-07,39.60825
2013-08-08,42.389812
2013-08-09,40.4054
2013-08-10,17.854433
2013-08-11,25.682295
2013-08-12,101.22051
2013-08-13,21.170557
2013-08-14,50.527023
2013-08-15,61.44804
2013-08-16,51.061985
2013-08-17,15.712618
2013-08-18,29.867678
2013-08-19,43.43571
2013-08-20,42.77831
2013-08-21,64.39689
2013-08-22,142.79045
2013-08-23,46.944935
2013-08-24,46.642326
2013-08-25,38.12431
2013-08-26,55.143032
2013-08-27,21.592884
2013-08-28,43.243286
2013-08-29,39.005558
2013-08-30,56.35945
2013-08-31,35.782913
2013-09-01,21.170599
2013-09-02,26.669386
2013-09-03,63.086708
2013-09-04,39.081036
2013-09-05,69.92367
2013-09-06,65.16014
2013-09-07,17.643354
2013-09-08,52.506786
2013-09-09,52.626083
2013-09-10,73.101685
2013-09-11,73.54706
2013-09-12,47.560574
2013-09-13,47.657337
2013-09-14,24.980228
2013-09-15,0.0
2013-09-16,3.920612
2013-09-17,4.206371
2013-09-18,3.850341
2013-09-19,4.532413
2013-09-20,9.068138
2013-09-21,0.0
2013-09-22,0.0
2013-09-23,3.51992
2013-09-24,4.197319
2013-09-25,5.898316
2013-09-26,0.0
2013-09-27,5.549871
2013-09-28,1.62054
2013-09-29,0.0
2013-09-30,0.023098
2013-10-01,4.189859
2013-10-02,5.31062
2013-10-03,3.001338
2013-10-04,8.982899
2013-10-05,32.41367
2013-10-06,22.341211
2013-10-07,57.750652
2013-10-08,27.97908
2013-10-09,45.93033
2013-10-10,63.09899
2013-10-11,37.07393
2013-10-12,37.825558
2013-10-13,13.898885
2013-10-14,45.078075
2013-10-15,33.921844
2013-10-16,41.664146
2013-10-17,31.986126
2013-10-18,41.754265
2013-10-19,29.754753
2013-10-20,69.029884
2013-10-21,82.97545
2013-10-22,64.00061
2013-10-23,33.00161
2013-10-24,40.723053
2013-10-25,42.926517
2013-10-26,55.927116
2013-10-27,29.637224
2013-10-28,33.79073
2013-10-29,37.699776
2013-10-30,37.47054
2013-10-31,51.040184
2013-11-01,44.98716
2013-11-02,49.725616
2013-11-03,32.29688
2013-11-04,37.59243
2013-11-05,39.80582
2013-11-06,51.798138
2013-11-07,40.48516
2013-11-08,44.52786
2013-11-09,36.078644
2013-11-10,85.19601
2013-11-11,65.291176
2013-11-12,78.74291
2013-11-13,38.106827
2013-11-14,44.661865
2013-11-15,43.499084
2013-11-16,34.323685
2013-11-17,31.847563
2013-11-18,37.21541
2013-11-19,48.887222
2013-11-20,24.108341
2013-11-21,29.382097
2013-11-22,49.472443
2013-11-23,37.590813
2013-11-24,13.793424
2013-11-25,22.605429
2013-11-26,82.24278
2013-11-27,45.0664
2013-11-28,0.0
2013-11-29,7.469214
2013-11-30,17.376818
2013-12-01,34.079296
2013-12-02,44.37834
2013-12-03,64.17399
2013-12-04,44.062157
2013-12-05,48.4442
2013-12-06,33.122395
2013-12-07,60.62278
2013-12-08,29.704363
2013-12-09,39.766537
2013-12-10,75.6557
2013-12-11,64.8372
2013-12-12,57.54025
2013-12-13,45.77394
2013-12-14,52.576458
2013-12-15,41.989033
2013-12-16,49.943764
2013-12-17,52.99203
2013-12-18,47.802185
2013-12-19,56.325138
2013-12-20,55.873325
2013-12-21,43.61431
2013-12-22,80.43429
2013-12-23,3.515446
2013-12-24,38.283756
2013-12-25,9.213264
2013-12-26,17.941654
2013-12-27,38.02827
2013-12-28,13.932624
2013-12-29,18.357426
2013-12-30,52.534718
2013-12-31,30.17748
2014-01-01,9.55721
2014-01-02,50.325134
2014-01-03,31.436523
2014-01-04,50.25759
2014-01-05,96.903854
2014-01-06,60.028408
2014-01-07,41.944077
2014-01-08,40.65292
2014-01-09,47.423046
2014-01-10,56.948704
2014-01-11,49.739635
2014-01-12,58.969296
2014-01-13,43.10357
2014-01-14,26.751326
2014-01-15,48.827297
2014-01-16,49.40103
2014-01-17,44.33914
2014-01-18,31.887672
2014-01-19,24.742582
2014-01-20,58.26499
2014-01-21,46.221306
2014-01-22,54.93203
2014-01-23,46.9147
2014-01-24,63.06488
2014-01-25,42.068474
2014-01-26,25.137104
2014-01-27,43.457287
2014-01-28,42.965324
2014-01-29,42.946705
2014-01-30,43.66981
2014-01-31,41.280235
2014-02-01,36.760994
2014-02-02,32.173958
2014-02-03,62.495354
2014-02-04,90.706436
2014-02-05,43.35145
2014-02-06,36.865063
2014-02-07,42.822834
2014-02-08,34.96933
2014-02-09,20.256433
2014-02-10,57.056873
2014-02-11,45.263035
2014-02-12,45.955505
2014-02-13,48.23696
2014-02-14,36.1887
2014-02-15,30.209373
2014-02-16,31.735641
2014-02-17,23.93926
2014-02-18,39.800426
2014-02-19,42.425995
2014-02-20,48.578625
2014-02-21,40.54854
2014-02-22,34.49619
2014-02-23,43.3559
2014-02-24,50.293163
2014-02-25,63.1934
2014-02-26,41.974903
2014-02-27,54.259537
2014-02-28,38.163685
2014-03-01,37.233868
2014-03-02,24.559721
2014-03-03,57.5043
2014-03-04,27.1839
2014-03-05,47.74448
2014-03-06,6.363449
2014-03-07,0.0
2014-03-08,0.0
2014-03-09,0.0
2014-03-10,0.648014
2014-03-11,47.184284
2014-03-12,54.46118
2014-03-13,34.489334
2014-03-14,48.679577
2014-03-15,40.98934
2014-03-16,25.809572
2014-03-17,37.49575
2014-03-18,47.15272
2014-03-19,51.23732
2014-03-20,59.72879
2014-03-21,65.045334
2014-03-22,43.831875
2014-03-23,50.791077
2014-03-24,38.7595
2014-03-25,35.709034
2014-03-26,46.528206
2014-03-27,50.95243
2014-03-28,29.99217
2014-03-29,20.297295
2014-03-30,17.519194
2014-03-31,44.4932
2014-04-01,60.315674
2014-04-02,81.34839
2014-04-03,39.276352
2014-04-04,32.464962
2014-04-05,35.862675
2014-04-06,22.011913
2014-04-07,34.798477
2014-04-08,46.97037
2014-04-09,39.887848
2014-04-10,55.32927
2014-04-11,42.442345
2014-04-12,58.39373
2014-04-13,26.493288
2014-04-14,46.23103
2014-04-15,70.77953
2014-04-16,32.014465
2014-04-17,72.235245
2014-04-18,52.760895
2014-04-19,68.71514
2014-04-20,22.179232
2014-04-21,59.486958
2014-04-22,47.30443
2014-04-23,37.7406
2014-04-24,54.99908
2014-04-25,64.4312
2014-04-26,38.707787
2014-04-27,39.486393
2014-04-28,41.236465
2014-04-29,54.22271
2014-04-30,61.052925
2014-05-01,44.760876
2014-05-02,44.13441
2014-05-03,30.21007
2014-05-04,28.359411
2014-05-05,65.49049
2014-05-06,71.04828
2014-05-07,19.097086
2014-05-08,54.28826
2014-05-09,55.692802
2014-05-10,32.6407
2014-05-11,28.641588
2014-05-12,53.283195
2014-05-13,30.555935
2014-05-14,49.601208
2014-05-15,19.082714
2014-05-16,28.489126
2014-05-17,16.634672
2014-05-18,33.582066
2014-05-19,40.15939
2014-05-20,23.454391
2014-05-21,46.31252
2014-05-22,51.854855
2014-05-23,41.737953
2014-05-24,22.614834
2014-05-25,23.98324
2014-05-26,23.418707
2014-05-27,39.000027
2014-05-28,41.331783
2014-05-29,52.99401
2014-05-30,22.634665
2014-05-31,47.617283
2014-06-01,27.31477
2014-06-02,40.17002
2014-06-03,44.553684
2014-06-04,51.10953
2014-06-05,57.433628
2014-06-06,27.41136
2014-06-07,15.260316
2014-06-08,25.528706
2014-06-09,51.087196
2014-06-10,50.671036
2014-06-11,64.10679
2014-06-12,53.956585
2014-06-13,43.87586
2014-06-14,31.328672
2014-06-15,18.56922
2014-06-16,79.151
2014-06-17,59.353264
2014-06-18,47.245747
2014-06-19,57.090492
2014-06-20,51.29232
2014-06-21,51.7246
2014-06-22,27.065763
2014-06-23,42.154427
2014-06-24,42.883995
2014-06-25,90.25045
2014-06-26,42.118225
2014-06-27,57.427593
2014-06-28,17.096125
2014-06-29,21.061872
2014-06-30,37.880726
2014-07-01,55.951366
2014-07-02,49.850376
2014-07-03,51.92681
2014-07-04,41.76138
2014-07-05,45.725567
2014-07-06,15.403754
2014-07-07,42.69089
2014-07-08,39.064396
2014-07-09,67.42179
2014-07-10,62.214485
2014-07-11,62.652397
2014-07-12,35.83474
2014-07-13,44.520187
2014-07-14,51.089188
2014-07-15,66.32955
2014-07-16,45.91253
2014-07-17,62.099518
2014-07-18,51.817238
2014-07-19,45.181065
2014-07-20,39.784203
2014-07-21,64.54271
2014-07-22,43.484547
2014-07-23,39.78053
2014-07-24,54.735268
2014-07-25,56.718822
2014-07-26,26.728058
2014-07-27,41.476627
2014-07-28,52.396626
2014-07-29,51.938084
2014-07-30,39.223476
2014-07-31,55.17228
2014-08-01,28.728155
2014-08-02,34.44807
2014-08-03,31.065418
2014-08-04,55.98795
2014-08-05,54.559685
2014-08-06,63.729595
2014-08-07,56.217434
2014-08-08,54.25709
2014-08-09,88.54179
2014-08-10,34.857765
2014-08-11,45.0926
2014-08-12,35.754524
2014-08-13,59.701267
2014-08-14,65.11316
2014-08-15,52.239532
2014-08-16,36.55493
2014-08-17,46.42059
2014-08-18,38.35048
2014-08-19,45.280823
2014-08-20,52.5114
2014-08-21,52.408436
2014-08-22,45.243046
2014-08-23,36.13706
2014-08-24,42.50165
2014-08-25,52.92498
2014-08-26,73.79798
2014-08-27,48.191372
2014-08-28,47.46185
2014-08-29,60.236008
2014-08-30,28.958815
2014-08-31,27.521004
2014-09-01,44.039593
2014-09-02,74.67617
2014-09-03,98.13412
2014-09-04,44.387203
2014-09-05,44.25589
2014-09-06,47.022823
2014-09-07,38.334724
2014-09-08,89.83116
2014-09-09,76.57844
2014-09-10,76.002846
2014-09-11,80.283264
2014-09-12,58.741753
2014-09-13,56.059067
2014-09-14,16.443956
2014-09-15,25.907969
2014-09-16,101.46396
2014-09-17,64.013565
2014-09-18,59.783188
2014-09-19,63.232437
2014-09-20,28.064344
2014-09-21,51.572025
2014-09-22,53.010475
2014-09-23,60.21097
2014-09-24,103.35419
2014-09-25,66.3265
2014-09-26,61.576565
2014-09-27,57.865166
2014-09-28,35.450745
2014-09-29,75.90523
2014-09-30,56.856087
2014-10-01,58.316113
2014-10-02,80.335754
2014-10-03,76.807236
2014-10-04,34.484325
2014-10-05,64.1415
2014-10-06,58.76714
2014-10-07,67.15525
2014-10-08,50.470078
2014-10-09,75.4474
2014-10-10,50.32355
2014-10-11,39.373657
2014-10-12,25.537037
2014-10-13,45.983334
2014-10-14,55.0735
2014-10-15,54.959557
2014-10-16,75.58167
2014-10-17,59.69649
2014-10-18,48.677464
2014-10-19,33.715153
2014-10-20,45.8832
2014-10-21,47.5692
2014-10-22,50.39936
2014-10-23,71.8573
2014-10-24,31.066336
2014-10-25,34.9102
2014-10-26,27.378805
2014-10-27,79.828545
2014-10-28,76.9351
2014-10-29,69.49108
2014-10-30,58.695995
2014-10-31,34.581676
2014-11-01,28.894257
2014-11-02,43.171272
2014-11-03,53.582943
2014-11-04,51.762997
2014-11-05,52.49906
2014-11-06,79.021126
2014-11-07,48.088017
2014-11-08,47.306732
2014-11-09,35.060535
2014-11-10,54.56973
2014-11-11,19.984184
2014-11-12,73.31793
2014-11-13,54.941044
2014-11-14,52.079147
2014-11-15,36.537193
2014-11-16,39.19986
2014-11-17,61.98065
2014-11-18,32.62906
2014-11-19,65.85162
2014-11-20,77.27493
2014-11-21,37.293293
2014-11-22,76.799774
2014-11-23,21.022306
2014-11-24,64.30263
2014-11-25,64.164635
2014-11-26,20.436993
2014-11-27,17.07696
2014-11-28,19.924534
2014-11-29,38.731834
2014-11-30,18.640017
2014-12-01,74.33208
2014-12-02,42.378822
2014-12-03,58.95753
2014-12-04,40.159775
2014-12-05,83.27103
2014-12-06,44.55621
2014-12-07,28.421925
2014-12-08,60.305862
2014-12-09,75.782936
2014-12-10,39.041973
2014-12-11,25.609156
2014-12-12,44.827934
2014-12-13,32.760174
2014-12-14,44.24714
2014-12-15,49.71242
2014-12-16,56.321796
2014-12-17,36.526207
2014-12-18,50.52539
2014-12-19,42.84822
2014-12-20,27.656296
2014-12-21,27.904875
2014-12-22,79.13417
2014-12-23,47.4486
2014-12-24,25.96582
2014-12-25,14.21072
2014-12-26,29.422298
2014-12-27,11.636154
2014-12-28,9.601419
2014-12-29,59.194904
2014-12-30,43.722603
2014-12-31,38.707928
2015-01-01,50.273483
2015-01-02,32.871456
2015-01-03,30.714212
2015-01-04,19.322678
2015-01-05,50.66471
2015-01-06,41.93547
2015-01-07,45.210403
2015-01-08,49.134518
2015-01-09,59.440876
2015-01-10,99.17211
2015-01-11,21.487371
2015-01-12,19.926617
2015-01-13,20.236238
2015-01-14,135.36374
2015-01-15,52.27775
2015-01-16,41.495937
2015-01-17,35.50028
2015-01-18,38.897243
2015-01-19,31.236034
2015-01-20,54.261833
2015-01-21,26.829288
2015-01-22,72.53896
2015-01-23,56.43883
2015-01-24,18.042025
2015-01-25,10.652844
2015-01-26,51.040718
2015-01-27,50.276726
2015-01-28,61.61144
2015-01-29,51.345516
2015-01-30,75.93524
2015-01-31,39.51008
2015-02-01,22.048635
2015-02-02,45.145573
2015-02-03,32.08367
2015-02-04,67.76137
2015-02-05,58.51825
2015-02-06,62.86875
2015-02-07,51.619316
2015-02-08,38.36538
2015-02-09,59.37611
2015-02-10,59.26805
2015-02-11,56.506695
2015-02-12,40.252346
2015-02-13,36.22893
2015-02-14,32.751972
2015-02-15,21.79685
2015-02-16,52.124363
2015-02-17,60.72651
2015-02-18,40.195732
2015-02-19,65.98228
2015-02-20,41.47915
2015-02-21,40.719444
2015-02-22,23.348728
2015-02-23,42.162468
2015-02-24,39.45244
2015-02-25,67.7068
2015-02-26,49.255825
2015-02-27,65.45606
2015-02-28,43.129887
2015-03-01,41.123108
2015-03-02,36.771835
2015-03-03,61.770187
2015-03-04,60.305626
2015-03-05,79.98938
2015-03-06,50.161922
2015-03-07,17.15739
2015-03-08,21.054579
2015-03-09,37.47632
2015-03-10,73.03203
2015-03-11,52.118526
2015-03-12,56.32692
2015-03-13,41.92977
2015-03-14,53.08995
2015-03-15,26.105923
2015-03-16,38.138313
2015-03-17,40.717003
2015-03-18,34.15764
2015-03-19,77.684845
2015-03-20,49.953194
2015-03-21,42.96271
2015-03-22,97.93162
2015-03-23,32.922886
2015-03-24,59.982754
2015-03-25,68.6583
2015-03-26,39.26045
2015-03-27,61.080208
2015-03-28,42.491993
2015-03-29,30.824026
2015-03-30,45.316914
2015-03-31,46.462364
2015-04-01,69.10588
2015-04-02,68.18772
2015-04-03,37.665195
2015-04-04,32.057644
2015-04-05,18.031979
2015-04-06,102.13321
2015-04-07,34.844643
2015-04-08,50.814487
2015-04-09,30.695599
2015-04-10,22.881073
2015-04-11,36.929043
2015-04-12,16.982016
2015-04-13,35.26413
2015-04-14,61.589115
2015-04-15,71.84236
2015-04-16,76.612785
2015-04-17,42.235783
2015-04-18,37.203396
2015-04-19,28.84858
2015-04-20,48.955723
2015-04-21,50.993504
2015-04-22,60.269833
2015-04-23,72.11317
2015-04-24,40.063614
2015-04-25,40.45433
2015-04-26,42.907627
2015-04-27,52.431206
2015-04-28,55.977665
2015-04-29,53.51609
2015-04-30,63.61013
2015-05-01,30.296005
2015-05-02,36.227394
2015-05-03,35.901215
2015-05-04,65.121086
2015-05-05,49.50976
2015-05-06,64.71307
2015-05-07,35.066063
2015-05-08,38.867207
2015-05-09,31.768776
2015-05-10,32.509197
2015-05-11,28.0463
2015-05-12,67.97127
2015-05-13,53.659958
2015-05-14,66.99283
2015-05-15,67.32096
2015-05-16,25.700684
2015-05-17,60.01289
2015-05-18,57.10934
2015-05-19,64.70323
2015-05-20,59.204834
2015-05-21,35.514954
2015-05-22,41.92209
2015-05-23,42.7015
2015-05-24,24.09686
2015-05-25,34.608196
2015-05-26,56.78525
2015-05-27,54.72814
2015-05-28,58.84783
2015-05-29,39.72937
2015-05-30,65.73753
2015-05-31,43.11225
2015-06-01,61.153084
2015-06-02,52.27877
2015-06-03,44.000565
2015-06-04,58.0207
2015-06-05,49.545498
2015-06-06,37.156937
2015-06-07,31.490555
2015-06-08,75.13232
2015-06-09,48.29105
2015-06-10,60.264954
2015-06-11,50.340992
2015-06-12,60.790104
2015-06-13,46.678974
2015-06-14,43.865635
2015-06-15,44.022724
2015-06-16,58.86895
2015-06-17,85.532745
2015-06-18,46.987236
2015-06-19,41.493237
2015-06-20,47.154434
2015-06-21,51.737232
2015-06-22,64.84477
2015-06-23,34.57495
2015-06-24,67.08263
2015-06-25,44.369892
2015-06-26,55.541416
2015-06-27,18.155949
2015-06-28,29.574972
2015-06-29,55.632366
2015-06-30,56.459248
2015-07-01,44.212578
2015-07-02,41.721325
2015-07-03,44.633636
2015-07-04,33.407425
2015-07-05,56.486336
2015-07-06,59.468346
2015-07-07,48.42127
2015-07-08,62.886345
2015-07-09,58.750248
2015-07-10,52.11198
2015-07-11,27.712238
2015-07-12,41.94484
2015-07-13,58.923607
2015-07-14,56.610985
2015-07-15,33.94712
2015-07-16,53.590256
2015-07-17,72.67264
2015-07-18,38.04075
2015-07-19,58.47668
2015-07-20,35.831425
2015-07-21,51.83253
2015-07-22,65.70617
2015-07-23,49.495605
2015-07-24,40.477215
2015-07-25,69.148575
2015-07-26,21.621267
2015-07-27,47.68195
2015-07-28,69.448875
2015-07-29,62.305737
2015-07-30,30.426535
2015-07-31,47.161846
2015-08-01,43.193493
2015-08-02,37.63986
2015-08-03,40.329838
2015-08-04,43.739616
2015-08-05,73.72454
2015-08-06,50.213783
2015-08-07,57.732883
2015-08-08,26.057863
2015-08-09,29.921026
2015-08-10,57.36696
2015-08-11,34.912636
2015-08-12,47.392113
2015-08-13,59.27897
2015-08-14,43.595257
2015-08-15,47.730278
2015-08-16,41.298466
2015-08-17,41.475494
2015-08-18,31.168125
2015-08-19,65.62734
2015-08-20,42.635628
2015-08-21,28.516619
2015-08-22,15.792945
2015-08-23,55.1911
2015-08-24,41.693913
2015-08-25,47.168438
2015-08-26,37.610126
2015-08-27,61.80976
2015-08-28,35.766083
2015-08-29,20.92141
2015-08-30,36.861828
2015-08-31,49.30624
2015-09-01,52.83751
2015-09-02,32.323044
2015-09-03,30.3318
2015-09-04,39.586445
2015-09-05,19.836788
2015-09-06,34.97195
2015-09-07,35.837162
2015-09-08,44.6075
2015-09-09,49.785934
2015-09-10,60.414
2015-09-11,54.230644
2015-09-12,10.695063
2015-09-13,45.80663
2015-09-14,34.087902
2015-09-15,60.134003
2015-09-16,31.779373
2015-09-17,52.95583
2015-09-18,47.035015
2015-09-19,52.3017
2015-09-20,36.01745
2015-09-21,54.75624
2015-09-22,35.062157
2015-09-23,62.563175
2015-09-24,50.673332
2015-09-25,69.64479
2015-09-26,29.147797
2015-09-27,22.73361
2015-09-28,79.630775
2015-09-29,34.014694
2015-09-30,64.105354
2015-10-01,27.62526
2015-10-02,54.312206
2015-10-03,26.2653
2015-10-04,26.087915
2015-10-05,35.53165
2015-10-06,46.79167
2015-10-07,47.162605
2015-10-08,63.09631
2015-10-09,32.545437
2015-10-10,45.25752
2015-10-11,53.50603
2015-10-12,88.37873
2015-10-13,60.047802
2015-10-14,45.364506
2015-10-15,39.442772
2015-10-16,40.867527
2015-10-17,46.155136
2015-10-18,41.553936
2015-10-19,53.658962
2015-10-20,58.07503
2015-10-21,81.07229
2015-10-22,28.054897
2015-10-23,60.799194
2015-10-24,51.160004
2015-10-25,33.33802
2015-10-26,62.96176
2015-10-27,34.38031
2015-10-28,44.816704
2015-10-29,64.88823
2015-10-30,47.40782
2015-10-31,19.639116
2015-11-01,14.239736
2015-11-02,61.65163
2015-11-03,45.26704
2015-11-04,59.698544
2015-11-05,35.34684
2015-11-06,62.642136
2015-11-07,39.22072
2015-11-08,12.389306
2015-11-09,49.40983
2015-11-10,41.87281
2015-11-11,45.420372
2015-11-12,31.91442
2015-11-13,51.181652
2015-11-14,30.29314
2015-11-15,29.699518
2015-11-16,41.199566
2015-11-17,52.08222
2015-11-18,57.881706
2015-11-19,52.072903
2015-11-20,35.128704
2015-11-21,55.76535
2015-11-22,55.93905
2015-11-23,54.463596
2015-11-24,39.798016
2015-11-25,41.351925
2015-11-26,4.848198
2015-11-27,32.06629
2015-11-28,42.07285
2015-11-29,29.46267
2015-11-30,41.59736
2015-12-01,47.553074
2015-12-02,21.345964
2015-12-03,22.303602
2015-12-04,45.4464
2015-12-05,59.74437
2015-12-06,25.691435
2015-12-07,49.6929
2015-12-08,43.006744
2015-12-09,46.265312
2015-12-10,28.64155
2015-12-11,38.729134
2015-12-12,26.525387
2015-12-13,26.243885
2015-12-14,27.95566
2015-12-15,49.74977
2015-12-16,88.20896
2015-12-17,41.06288
2015-12-18,63.80169
2015-12-19,51.216534
2015-12-20,63.91031
2015-12-21,54.62637
2015-12-22,52.325382
2015-12-23,48.941353
2015-12-24,46.708115
2015-12-25,0.0
2015-12-26,16.661804
2015-12-27,52.847603
2015-12-28,44.23458
2015-12-29,36.860584
2015-12-30,66.03338
2015-12-31,33.254272
2016-01-01,32.60646
2016-01-02,35.188633
2016-01-03,37.04529
2016-01-04,21.57983
2016-01-05,33.88359
2016-01-06,39.42773
2016-01-07,51.553406
2016-01-08,44.851963
2016-01-09,40.82587
2016-01-10,15.830402
2016-01-11,60.983395
2016-01-12,60.354748
2016-01-13,36.853138
2016-01-14,58.055515
2016-01-15,48.811253
2016-01-16,79.95634
2016-01-17,22.687126
2016-01-18,52.49213
2016-01-19,40.265053
2016-01-20,66.936935
2016-01-21,37.678
2016-01-22,55.71297
2016-01-23,21.193705
2016-01-24,45.30596
2016-01-25,53.25781
2016-01-26,75.99959
2016-01-27,57.88324
2016-01-28,57.991566
2016-01-29,47.6835
2016-01-30,44.735928
2016-01-31,43.546818
2016-02-01,71.59723
2016-02-02,61.88364
2016-02-03,61.74161
2016-02-04,72.70429
2016-02-05,54.399284
2016-02-06,41.82701
2016-02-07,30.856037
2016-02-08,38.49082
2016-02-09,68.415855
2016-02-10,52.02451
2016-02-11,23.527582
2016-02-12,53.974106
2016-02-13,31.792467
2016-02-14,13.047957
2016-02-15,45.17983
2016-02-16,43.46848
2016-02-17,37.92849
2016-02-18,33.72287
2016-02-19,22.10214
2016-02-20,37.343674
2016-02-21,44.97599
2016-02-22,57.315533
2016-02-23,52.28648
2016-02-24,41.66472
2016-02-25,48.203163
2016-02-26,47.047253
2016-02-27,10.874314
2016-02-28,28.876678
2016-02-29,51.93849
2016-03-01,52.336197
2016-03-02,36.255222
2016-03-03,56.28515
2016-03-04,38.991875
2016-03-05,25.424973
2016-03-06,48.968864
2016-03-07,57.7352
2016-03-08,64.11301
2016-03-09,36.72713
2016-03-10,58.551594
2016-03-11,71.67168
2016-03-12,28.392502
2016-03-13,37.420147
2016-03-14,43.937794
2016-03-15,68.56873
2016-03-16,61.775356
2016-03-17,43.256256
2016-03-18,37.532055
2016-03-19,37.154613
2016-03-20,56.255466
2016-03-21,81.5058
2016-03-22,58.43538
2016-03-23,69.582085
2016-03-24,47.1086
2016-03-25,43.685005
2016-03-26,11.40772
2016-03-27,32.73192
2016-03-28,44.23059
2016-03-29,28.999472
2016-03-30,48.75369
2016-03-31,68.58439
2016-04-01,52.263607
2016-04-02,13.188392
2016-04-03,6.654926
2016-04-04,66.76886
2016-04-05,23.695917
2016-04-06,52.07737
2016-04-07,37.987537
2016-04-08,39.7042
2016-04-09,29.22121
2016-04-10,17.855202
2016-04-11,65.49876
2016-04-12,54.573368
2016-04-13,72.64282
2016-04-14,47.68075
2016-04-15,40.159756
2016-04-16,48.796967
2016-04-17,19.118225
2016-04-18,53.200764
2016-04-19,45.17538
2016-04-20,47.037918
2016-04-21,35.494377
2016-04-22,23.620817
2016-04-23,51.689117
2016-04-24,30.872458
2016-04-25,46.889874
2016-04-26,32.56993
2016-04-27,56.688457
2016-04-28,43.60524
2016-04-29,70.44562
2016-04-30,31.822165
2016-05-01,31.854483
2016-05-02,32.22874
2016-05-03,27.16111
2016-05-04,41.4905
2016-05-05,0.0
2016-05-06,0.0
2016-05-07,5.031364
2016-05-08,0.0
2016-05-09,0.0
2016-05-10,15.680383
2016-05-11,0.0
2016-05-12,1.906175
2016-05-13,0.0
2016-05-14,0.0
2016-05-15,0.0
2016-05-16,2.89789
2016-05-17,0.0
2016-05-18,4.04113
2016-05-19,2.859417
2016-05-20,0.0
2016-05-21,0.0
2016-05-22,0.0
2016-05-23,0.0
2016-05-24,0.871148
2016-05-25,5.625887
2016-05-26,4.567229
2016-05-27,0.238219
2016-05-28,0.0
2016-05-29,0.0
2016-05-30,0.0
2016-05-31,0.895318
2016-06-01,0.0
2016-06-02,0.0
2016-06-03,0.0
2016-06-04,0.0
2016-06-05,0.0
2016-06-06,0.0
2016-06-07,0.0
2016-06-08,2.669469
2016-06-09,0.0
2016-06-10,0.0
2016-06-11,0.0
2016-06-12,0.0
2016-06-13,0.0
2016-06-14,0.0
2016-06-15,0.0
2016-06-16,0.741005
2016-06-17,0.0
2016-06-18,0.0
2016-06-19,0.0
2016-06-20,3.527558
2016-06-21,0.0
2016-06-22,0.0
2016-06-23,0.0
2016-06-24,0.0
2016-06-25,13.219354
2016-06-26,2.685441
2016-06-27,3.337343
2016-06-28,0.0
2016-06-29,0.0
2016-06-30,0.0
2016-07-01,0.0
2016-07-02,0.0
2016-07-03,0.0
2016-07-04,0.0
2016-07-05,3.955153
2016-07-06,0.0
2016-07-07,0.0
2016-07-08,0.0
2016-07-09,0.0
2016-07-10,0.0
2016-07-11,0.0
2016-07-12,46.20079
2016-07-13,29.929955
2016-07-14,35.42966
2016-07-15,28.407997
2016-07-16,22.928513
2016-07-17,3.30981
2016-07-18,46.074787
2016-07-19,45.957207
2016-07-20,54.810387
2016-07-21,45.798786
2016-07-22,51.556698
2016-07-23,55.005867
2016-07-24,4.956345
2016-07-25,41.846024
2016-07-26,72.53728
2016-07-27,35.8793
2016-07-28,52.399174
2016-07-29,54.148926
2016-07-30,11.516152
2016-07-31,34.168884
2016-08-01,65.93578
2016-08-02,37.07839
2016-08-03,31.30783
2016-08-04,40.673138
2016-08-05,55.73276
2016-08-06,25.569208
2016-08-07,26.192192
2016-08-08,40.330452
2016-08-09,23.316847
2016-08-10,50.40573
2016-08-11,28.331621
2016-08-12,39.796383
2016-08-13,29.742006
2016-08-14,48.526237
2016-08-15,47.753426
2016-08-16,44.550377
2016-08-17,56.507347
2016-08-18,29.48066
2016-08-19,39.995075
2016-08-20,42.396893
2016-08-21,41.314053
2016-08-22,65.407646
2016-08-23,50.53168
2016-08-24,54.136616
2016-08-25,41.833065
2016-08-26,32.850758
2016-08-27,28.612791
2016-08-28,40.061928
2016-08-29,46.01633
2016-08-30,41.5359
2016-08-31,61.90735
2016-09-01,31.019243
2016-09-02,65.550896
2016-09-03,22.693727
2016-09-04,15.801472
2016-09-05,41.23094
2016-09-06,55.12513
2016-09-07,52.66629
2016-09-08,50.16006
2016-09-09,46.325413
2016-09-10,20.651249
2016-09-11,27.96177
2016-09-12,32.111572
2016-09-13,38.7903
2016-09-14,49.33398
2016-09-15,53.534985
2016-09-16,52.47273
2016-09-17,36.0929
2016-09-18,33.21837
2016-09-19,63.14152
2016-09-20,37.48292
2016-09-21,35.24239
2016-09-22,59.760616
2016-09-23,48.980076
2016-09-24,38.027744
2016-09-25,38.61432
2016-09-26,43.140602
2016-09-27,58.64764
2016-09-28,37.744293
2016-09-29,50.37928
2016-09-30,39.59884
2016-10-01,36.742393
2016-10-02,24.315817
2016-10-03,46.92309
2016-10-04,53.599648
2016-10-05,59.52967
2016-10-06,43.055054
2016-10-07,36.484337
2016-10-08,57.666996
2016-10-09,33.951057
2016-10-10,49.1644
2016-10-11,60.87602
2016-10-12,49.375263
2016-10-13,33.525883
2016-10-14,60.97297
2016-10-15,46.95322
2016-10-16,33.795513
2016-10-17,48.996555
2016-10-18,57.593075
2016-10-19,64.13852
2016-10-20,45.237804
2016-10-21,55.5331
2016-10-22,34.256207
2016-10-23,32.030624
2016-10-24,49.127525
2016-10-25,43.08642
2016-10-26,63.8037
2016-10-27,55.119
2016-10-28,33.275
2016-10-29,42.393
2016-10-30,30.891
2016-10-31,57.945
2016-11-01,44.768
2016-11-02,65.138
2016-11-03,43.14
2016-11-04,31.039
2016-11-05,31.981
2016-11-06,22.076
2016-11-07,36.069
2016-11-08,31.801
2016-11-09,47.686
2016-11-10,59.983
2016-11-11,37.406
2016-11-12,29.179
2016-11-13,45.033
2016-11-14,48.734
2016-11-15,37.127
2016-11-16,42.547
2016-11-17,39.498
2016-11-18,56.504
2016-11-19,29.381
2016-11-20,33.074
2016-11-21,33.09
2016-11-22,60.147
2016-11-23,38.079
2016-11-24,15.729
2016-11-25,25.759
2016-11-26,31.807
2016-11-27,41.004
2016-11-28,45.496
2016-11-29,52.165
2016-11-30,54.483
2016-12-01,40.104
2016-12-02,41.661
2016-12-03,41.292
2016-12-04,22.096
2016-12-05,25.567
2016-12-06,69.657
2016-12-07,61.053
2016-12-08,52.531
2016-12-09,32.279
2016-12-10,30.301
2016-12-11,32.285
2016-12-12,63.191
2016-12-13,32.37
2016-12-14,19.983
2016-12-15,39.595
2016-12-16,47.922
2016-12-17,45.032
2016-12-18,40.437
2016-12-19,77.64
2016-12-20,18.332
2016-12-21,37.214
2016-12-22,41.237
2016-12-23,27.573
2016-12-24,26.195
2016-12-25,1.207
2016-12-26,23.801
2016-12-27,22.283
2016-12-28,29.167
2016-12-29,19.074
2016-12-30,28.57
2016-12-31,17.497
2017-01-01,25.094
2017-01-02,44.412
2017-01-03,41.527
2017-01-04,39.614
2017-01-05,55.663
2017-01-06,66.607
2017-01-07,51.751
2017-01-08,0.0
2017-01-09,46.126
2017-01-10,43.328
2017-01-11,57.841
2017-01-12,52.883
2017-01-13,57.561
2017-01-14,30.359
2017-01-15,24.476
2017-01-16,18.849
2017-01-17,45.24
2017-01-18,39.304
2017-01-19,57.902
2017-01-20,56.007
2017-01-21,43.791
2017-01-22,33.01
2017-01-23,65.487
2017-01-24,45.127
2017-01-25,60.475
2017-01-26,64.101
2017-01-27,37.592
2017-01-28,26.024
2017-01-29,33.836
2017-01-30,51.474
2017-01-31,57.061
2017-02-01,27.003
2017-02-02,43.268
2017-02-03,48.644
2017-02-04,13.341
2017-02-05,25.826
2017-02-06,30.62
2017-02-07,44.498
2017-02-08,39.444
2017-02-09,23.693
2017-02-10,52.427
2017-02-11,63.573
2017-02-12,10.441
2017-02-13,41.595
2017-02-14,36.985
2017-02-15,55.337
2017-02-16,37.531
2017-02-17,29.206
2017-02-18,35.388
2017-02-19,38.923
2017-02-20,38.296
2017-02-21,38.835
2017-02-22,56.245
2017-02-23,56.006
2017-02-24,55.527
2017-02-25,32.837
2017-02-26,34.287
2017-02-27,60.4
2017-02-28,50.863
2017-03-01,31.67
2017-03-02,50.63
2017-03-03,41.357
2017-03-04,50.318
2017-03-05,57.282
2017-03-06,43.17
2017-03-07,50.986
2017-03-08,56.547
2017-03-09,25.018
2017-03-10,42.609
2017-03-11,32.944
2017-03-12,46.811
2017-03-13,51.159
2017-03-14,33.356
2017-03-15,34.46
2017-03-16,36.167
2017-03-17,62.983
2017-03-18,21.964
2017-03-19,48.886
2017-03-20,61.274
2017-03-21,46.376
2017-03-22,42.892
2017-03-23,29.15
2017-03-24,41.4
2017-03-25,58.249
2017-03-26,18.912
2017-03-27,45.108
2017-03-28,57.969
2017-03-29,45.205
2017-03-30,77.282
2017-03-31,86.698
2017-04-01,11.393
2017-04-02,45.141
2017-04-03,13.382
2017-04-04,31.976
2017-04-05,57.66
2017-04-06,38.633
2017-04-07,42.261
2017-04-08,44.077
2017-04-09,70.294
2017-04-10,39.162
2017-04-11,51.438
2017-04-12,60.45
2017-04-13,57.442
2017-04-14,41.81
2017-04-15,18.442
2017-04-16,14.023
2017-04-17,43.738
2017-04-18,37.645
2017-04-19,29.284
2017-04-20,47.422
2017-04-21,43.452
2017-04-22,29.374
2017-04-23,38.461
2017-04-24,42.746
2017-04-25,43.075
2017-04-26,50.75
2017-04-27,27.469
2017-04-28,23.286
2017-04-29,39.197
2017-04-30,29.627
2017-05-01,38.841
2017-05-02,38.209
2017-05-03,53.819
2017-05-04,22.093
2017-05-05,56.394
2017-05-06,4.167
2017-05-07,62.944
2017-05-08,53.139
2017-05-09,53.495
2017-05-10,36.917
2017-05-11,49.375
2017-05-12,41.572
2017-05-13,55.645
2017-05-14,30.615
2017-05-15,68.401
2017-05-16,43.126
2017-05-17,55.584
2017-05-18,46.489
2017-05-19,43.341
2017-05-20,41.057
2017-05-21,43.211
2017-05-22,53.463
2017-05-23,59.694
2017-05-24,45.174
2017-05-25,79.847
2017-05-26,64.357
2017-05-27,4.223
2017-05-28,30.417
2017-05-29,15.154
2017-05-30,25.707
2017-05-31,57.83
2017-06-01,44.969
2017-06-02,26.013
2017-06-03,37.834
2017-06-04,19.479
2017-06-05,56.446
2017-06-06,47.502
2017-06-07,43.983
2017-06-08,61.666
2017-06-09,57.153
2017-06-10,16.151
2017-06-11,22.626
2017-06-12,48.687
2017-06-13,50.537
2017-06-14,60.419
2017-06-15,47.564
2017-06-16,64.268
2017-06-17,12.12
2017-06-18,32.486
2017-06-19,26.317
2017-06-20,55.7
2017-06-21,38.351
2017-06-22,66.807
2017-06-23,50.478
2017-06-24,15.143
2017-06-25,3.2
2017-06-26,64.136
2017-06-27,44.293
2017-06-28,56.589
2017-06-29,49.257
2017-06-30,66.603
2017-07-01,33.233
2017-07-02,36.095
2017-07-03,51.447
2017-07-04,14.97
2017-07-05,49.377
2017-07-06,37.769
2017-07-07,41.414
2017-07-08,22.015
2017-07-09,19.951
2017-07-10,40.058
2017-07-11,48.537
2017-07-12,30.082
2017-07-13,40.147
2017-07-14,35.366
2017-07-15,41.405
2017-07-16,27.151
2017-07-17,30.96
2017-07-18,28.074
2017-07-19,39.115
2017-07-20,48.994
2017-07-21,35.535
2017-07-22,46.15
2017-07-23,9.275
2017-07-24,19.989
2017-07-25,40.713
2017-07-26,35.853
2017-07-27,30.631
2017-07-28,53.892
2017-07-29,31.707
2017-07-30,17.926
2017-07-31,59.725
2017-08-01,7.265
2017-08-02,23.859
2017-08-03,21.442
2017-08-04,18.007
2017-08-05,3.3
2017-08-06,11.576
2017-08-07,32.612
2017-08-08,35.052
2017-08-09,0.837
2017-08-10,26.723
2017-08-11,19.039
2017-08-12,4.896
2017-08-13,5.561
2017-08-14,10.126
2017-08-15,4.092
2017-08-16,0.0
2017-08-17,22.299
2017-08-18,33.523
2017-08-19,10.398
2017-08-20,13.124
2017-08-21,16.879
2017-08-22,6.338
2017-08-23,15.318
2017-08-24,6.781
2017-08-25,4.613
2017-08-26,18.558
2017-08-27,4.967
2017-08-28,13.412
2017-08-29,12.223
2017-08-30,10.181
2017-08-31,23.222
2017-09-01,58.488
2017-09-02,23.058
2017-09-03,11.722
2017-09-04,10.604
2017-09-05,0.0
2017-09-06,22.932
2017-09-07,3.66
2017-09-08,14.655
2017-09-09,24.699
2017-09-10,10.355
2017-09-11,7.486
2017-09-12,22.496
2017-09-13,23.278
2017-09-14,14.922
2017-09-15,15.771
2017-09-16,47.609
2017-09-17,15.258
2017-09-18,5.22
2017-09-19,0.0
2017-09-20,28.527
2017-09-21,12.333
2017-09-22,5.8
2017-09-23,29.775
2017-09-24,0.0
2017-09-25,10.96
2017-09-26,21.138
2017-09-27,50.799
2017-09-28,11.357
2017-09-29,23.351
2017-09-30,15.479
2017-10-01,18.472
2017-10-02,16.906
2017-10-03,27.133
2017-10-04,16.289
2017-10-05,14.532
2017-10-06,35.294
2017-10-07,8.974
2017-10-08,5.98
2017-10-09,23.158
2017-10-10,18.48
2017-10-11,30.576
2017-10-12,27.887
2017-10-13,24.765
2017-10-14,6.522
2017-10-15,0.0
2017-10-16,17.369
2017-10-17,35.84
2017-10-18,15.913
2017-10-19,23.559
2017-10-20,17.839
2017-10-21,21.807
2017-10-22,21.292
2017-10-23,14.083
2017-10-24,5.018
2017-10-25,21.089
2017-10-26,7.154
2017-10-27,25.665
2017-10-28,8.642
2017-10-29,0.0
2017-10-30,12.419
2017-10-31,14.733
2017-11-01,8.001
2017-11-02,45.111
2017-11-03,23.799
2017-11-04,13.566
2017-11-05,0.0
2017-11-06,25.579
2017-11-07,19.857
2017-11-08,3.706
2017-11-09,15.524
2017-11-10,19.641
2017-11-11,49.858
2017-11-12,2.354
2017-11-13,7.729
2017-11-14,11.13
2017-11-15,28.392
2017-11-16,11.339
2017-11-17,23.83
2017-11-18,9.265
2017-11-19,28.178
2017-11-20,9.013
2017-11-21,32.003
2017-11-22,0.0
2017-11-23,0.0
2017-11-24,0.0
2017-11-25,41.466
2017-11-26,0.0
2017-11-27,8.221
2017-11-28,27.953
2017-11-29,28.324
2017-11-30,6.584
2017-12-01,43.293
2017-12-02,12.278
2017-12-03,17.285
2017-12-04,20.81
2017-12-05,24.795
2017-12-06,27.1
2017-12-07,20.371
2017-12-08,35.297
2017-12-09,10.813
2017-12-10,0.436
2017-12-11,10.439
2017-12-12,22.686
2017-12-13,21.606
2017-12-14,35.85
2017-12-15,24.322
2017-12-16,33.326
2017-12-17,5.834
2017-12-18,23.657
2017-12-19,18.459
2017-12-20,11.668
2017-12-21,27.363
2017-12-22,20.075
2017-12-23,5.801
2017-12-24,1.465
2017-12-25,0.0
2017-12-26,1.888
2017-12-27,0.0
2017-12-28,4.306
2017-12-29,0.0
2017-12-30,0.0
2017-12-31,3.008
2018-01-01,0.0
2018-01-02,11.13
2018-01-03,7.817
2018-01-04,15.261
2018-01-05,0.0
2018-01-06,0.0
2018-01-07,2.236
2018-01-08,14.95
2018-01-09,13.872
2018-01-10,15.636
2018-01-11,17.762
2018-01-12,17.689
2018-01-13,17.346
2018-01-14,16.811
2018-01-15,30.114
2018-01-16,18.418
2018-01-17,28.728
2018-01-18,12.072
2018-01-19,27.599
2018-01-20,26.104
2018-01-21,16.222
2018-01-22,23.518
2018-01-23,17.581
2018-01-24,38.932
2018-01-25,13.644
2018-01-26,28.42
2018-01-27,15.503
2018-01-28,29.668
2018-01-29,23.699
2018-01-30,12.345
2018-01-31,16.527
2018-02-01,16.059
2018-02-02,36.278
2018-02-03,7.752
2018-02-04,0.0
2018-02-05,19.24
2018-02-06,8.088
2018-02-07,11.798
2018-02-08,25.875
2018-02-09,28.249
2018-02-10,0.0
2018-02-11,18.581
2018-02-12,29.598
2018-02-13,32.356
2018-02-14,35.359
2018-02-15,32.612
2018-02-16,13.527
2018-02-17,6.042
2018-02-18,1.081
2018-02-19,0.0
2018-02-20,25.823
2018-02-21,26.39
2018-02-22,18.868
2018-02-23,13.662
2018-02-24,9.062
2018-02-25,8.209
2018-02-26,9.69
2018-02-27,6.346
2018-02-28,33.713
2018-03-01,31.093
2018-03-02,27.214
2018-03-03,6.558
2018-03-04,0.0
2018-03-05,10.54
2018-03-06,14.03
2018-03-07,29.66
2018-03-08,21.099
2018-03-09,25.234
2018-03-10,8.637
2018-03-11,1.184
2018-03-12,18.926
2018-03-13,14.703
2018-03-14,22.899
2018-03-15,26.06
2018-03-16,12.102
2018-03-17,28.754
2018-03-18,16.89
2018-03-19,17.782
2018-03-20,0.0
2018-03-21,35.601
2018-03-22,3.847
2018-03-23,30.54
2018-03-24,2.0
2018-03-25,21.494
2018-03-26,19.031
2018-03-27,16.315
2018-03-28,32.055
2018-03-29,17.039
2018-03-30,16.804
2018-03-31,24.316
2018-04-01,4.572
2018-04-02,20.834
2018-04-03,12.039
2018-04-04,22.111
2018-04-05,48.718
2018-04-06,12.849
2018-04-07,21.037
2018-04-08,16.023
2018-04-09,9.453
2018-04-10,7.658
2018-04-11,16.428
2018-04-12,23.52
2018-04-13,22.764
2018-04-14,12.714
2018-04-15,5.6
2018-04-16,13.886
2018-04-17,14.794
2018-04-18,19.485
2018-04-19,29.166
2018-04-20,35.802
2018-04-21,20.844
2018-04-22,0.0
2018-04-23,20.388
2018-04-24,32.339
2018-04-25,8.397
2018-04-26,26.525
2018-04-27,12.768
2018-04-28,20.293
2018-04-29,12.501
2018-04-30,28.804
2018-05-01,27.218
2018-05-02,17.085
2018-05-03,11.331
2018-05-04,13.227
2018-05-05,8.104
2018-05-06,0.0
2018-05-07,15.124
2018-05-08,5.732
2018-05-09,24.458
2018-05-10,13.236
2018-05-11,15.061
2018-05-12,7.993
2018-05-13,8.621
2018-05-14,36.47
2018-05-15,22.132
2018-05-16,25.409
2018-05-17,45.337
2018-05-18,39.304
2018-05-19,0.0
2018-05-20,0.0
2018-05-21,12.581
2018-05-22,10.709
2018-05-23,58.718
2018-05-24,11.321
2018-05-25,32.317
2018-05-26,23.086
2018-05-27,0.0
2018-05-28,62.629
2018-05-29,19.9
2018-05-30,25.043
2018-05-31,36.968
2018-06-01,14.118
2018-06-02,15.568
2018-06-03,18.097
2018-06-04,27.614
2018-06-05,20.604
2018-06-06,15.144
2018-06-07,3.812
2018-06-08,20.005
2018-06-09,21.157
2018-06-10,8.32
2018-06-11,16.864
2018-06-12,13.131
2018-06-13,0.0
2018-06-14,10.006
2018-06-15,34.526
2018-06-16,14.113
2018-06-17,10.467
2018-06-18,19.49
2018-06-19,18.324
2018-06-20,35.155
2018-06-21,11.147
2018-06-22,45.579
2018-06-23,32.924
2018-06-24,8.769
2018-06-25,28.619
2018-06-26,20.393
2018-06-27,41.821
2018-06-28,16.249
2018-06-29,36.222
2018-06-30,12.481
2018-07-01,3.203
2018-07-02,10.064
2018-07-03,18.493
2018-07-04,12.069
2018-07-05,9.912
2018-07-06,15.724
2018-07-07,17.85
2018-07-08,0.0
2018-07-09,26.576
2018-07-10,20.964
2018-07-11,17.374
2018-07-12,8.06
2018-07-13,25.397
2018-07-14,24.031
2018-07-15,7.422
2018-07-16,5.163
2018-07-17,24.516
2018-07-18,4.088
2018-07-19,10.225
2018-07-20,8.395
2018-07-21,9.35
2018-07-22,0.0
2018-07-23,19.039
2018-07-24,5.068
2018-07-25,35.835
2018-07-26,6.211
2018-07-27,11.446
2018-07-28,18.203
2018-07-29,0.0
2018-07-30,23.575
2018-07-31,14.083
2018-08-01,19.516
2018-08-02,23.496
2018-08-03,25.34
2018-08-04,0.0
2018-08-05,0.0
2018-08-06,36.63
2018-08-07,0.0
2018-08-08,18.781
2018-08-09,26.187
2018-08-10,29.208
2018-08-11,1.879
2018-08-12,32.039
2018-08-13,13.198
2018-08-14,17.369
2018-08-15,9.724
2018-08-16,11.612
2018-08-17,16.375
2018-08-18,3.946
2018-08-19,0.0
2018-08-20,20.645
2018-08-21,45.788
2018-08-22,19.674
2018-08-23,24.152
2018-08-24,9.39
2018-08-25,0.0
2018-08-26,3.744
2018-08-27,45.423
2018-08-28,20.037
2018-08-29,33.827
2018-08-30,36.322
2018-08-31,4.261
2018-09-01,18.724
2018-09-02,0.0
2018-09-03,8.115
2018-09-04,20.33
2018-09-05,5.875
2018-09-06,12.042
2018-09-07,28.684
2018-09-08,2.705
2018-09-09,11.082
2018-09-10,25.751
2018-09-11,16.47
2018-09-12,48.787
2018-09-13,20.539
2018-09-14,14.288
2018-09-15,6.481
2018-09-16,7.847
2018-09-17,21.357
2018-09-18,0.0
2018-09-19,18.854
2018-09-20,18.711
2018-09-21,21.319
2018-09-22,34.608
2018-09-23,0.0
2018-09-24,27.175
2018-09-25,21.903
2018-09-26,11.008
2018-09-27,0.0
2018-09-28,0.0
2018-09-29,7.593
2018-09-30,17.365
2018-10-01,44.621
2018-10-02,7.694
2018-10-03,37.616
2018-10-04,19.089
2018-10-05,17.227
2018-10-06,24.279
2018-10-07,25.543
2018-10-08,12.224
2018-10-09,33.05
2018-10-10,22.755
2018-10-11,30.968
2018-10-12,2.378
2018-10-13,19.022
2018-10-14,15.069
2018-10-15,6.105
2018-10-16,23.904
2018-10-17,16.643
2018-10-18,31.49
2018-10-19,11.559
2018-10-20,9.269
2018-10-21,0.0
2018-10-22,25.237
2018-10-23,19.528
2018-10-24,37.058
2018-10-25,21.494
2018-10-26,7.182
2018-10-27,2.777
2018-10-28,15.378
2018-10-29,18.297
2018-10-30,4.813
2018-10-31,17.223
2018-11-01,21.841
2018-11-02,24.783
2018-11-03,19.169
2018-11-04,10.059
2018-11-05,28.582
2018-11-06,31.513
2018-11-07,13.632
2018-11-08,21.311
2018-11-09,16.062
2018-11-10,28.87
2018-11-11,8.485
2018-11-12,37.759
2018-11-13,18.62
2018-11-14,36.985
2018-11-15,34.726
2018-11-16,30.787
2018-11-17,11.252
2018-11-18,3.197
2018-11-19,23.403
2018-11-20,10.815
2018-11-21,9.365
2018-11-22,0.0
2018-11-23,15.148
2018-11-24,13.556
2018-11-25,8.359
2018-11-26,14.559
2018-11-27,24.366
2018-11-28,27.664
2018-11-29,41.853
2018-11-30,42.096
2018-12-01,11.459
2018-12-02,10.61
2018-12-03,0.0
2018-12-04,19.363
2018-12-05,25.263
2018-12-06,15.172
2018-12-07,21.177
2018-12-08,12.61
2018-12-09,0.0
2018-12-10,46.77
2018-12-11,33.069
2018-12-12,25.952
2018-12-13,45.081
2018-12-14,28.887
2018-12-15,15.792
2018-12-16,7.329
2018-12-17,29.526
2018-12-18,54.559
2018-12-19,32.71
2018-12-20,43.304
2018-12-21,20.448
2018-12-22,21.192
2018-12-23,8.971
2018-12-24,10.592
2018-12-25,0.0
2018-12-26,3.238
2018-12-27,22.227
2018-12-28,11.467
2018-12-29,16.766
2018-12-30,13.721
2018-12-31,19.25
2019-01-01,11.515
2019-01-02,12.38
2019-01-03,32.928
2019-01-04,16.144
2019-01-05,43.11
2019-01-06,9.444
2019-01-07,16.4
2019-01-08,12.826
2019-01-09,40.128
2019-01-10,24.211
2019-01-11,48.694
2019-01-12,14.208
2019-01-13,27.373
2019-01-14,16.734
2019-01-15,20.799
2019-01-16,35.136
2019-01-17,23.101
2019-01-18,23.626
2019-01-19,7.827
2019-01-20,12.071
2019-01-21,11.554
2019-01-22,22.03
2019-01-23,20.973
2019-01-24,18.826
2019-01-25,31.162
2019-01-26,26.334
2019-01-27,24.637
2019-01-28,43.997
2019-01-29,31.002
2019-01-30,23.481
2019-01-31,49.587
2019-02-01,25.05
2019-02-02,0.0
2019-02-03,0.0
2019-02-04,24.985
2019-02-05,23.614
2019-02-06,24.947
2019-02-07,35.394
2019-02-08,26.184
2019-02-09,19.872
2019-02-10,17.014
2019-02-11,38.8
2019-02-12,26.0
2019-02-13,25.308
2019-02-14,23.985
2019-02-15,13.257
2019-02-16,10.467
2019-02-17,9.044
2019-02-18,16.408
2019-02-19,21.231
2019-02-20,23.283
2019-02-21,51.948
2019-02-22,27.617
2019-02-23,29.533
2019-02-24,3.807
2019-02-25,15.915
2019-02-26,36.705
2019-02-27,37.516
2019-02-28,36.086
2019-03-01,26.966
2019-03-02,25.333
2019-03-03,6.3
2019-03-04,49.016
2019-03-05,20.592
2019-03-06,22.348
2019-03-07,21.805
2019-03-08,26.63
2019-03-09,36.064
2019-03-10,11.744
2019-03-11,33.755
2019-03-12,29.817
2019-03-13,24.094
2019-03-14,30.396
2019-03-15,33.302
2019-03-16,5.556
2019-03-17,23.641
2019-03-18,37.22
2019-03-19,28.29
2019-03-20,28.571
2019-03-21,19.686
2019-03-22,22.338
2019-03-23,10.909
2019-03-24,7.729
2019-03-25,23.748
2019-03-26,19.891
2019-03-27,14.334
2019-03-28,30.928
2019-03-29,19.592
2019-03-30,6.224
2019-03-31,15.85
2019-04-01,57.022
2019-04-02,32.213
2019-04-03,33.956
2019-04-04,50.605
2019-04-05,25.538
2019-04-06,21.104
2019-04-07,12.386
2019-04-08,27.298
2019-04-09,50.424
2019-04-10,26.402
2019-04-11,16.383
2019-04-12,30.311
2019-04-13,10.976
2019-04-14,8.527
2019-04-15,17.761
2019-04-16,13.577
2019-04-17,18.166
2019-04-18,26.897
2019-04-19,22.076
2019-04-20,25.48
2019-04-21,7.349
2019-04-22,48.714
2019-04-23,18.164
2019-04-24,23.4
2019-04-25,21.744
2019-04-26,41.157
2019-04-27,7.013
2019-04-28,15.143
2019-04-29,55.019
2019-04-30,48.678
2019-05-01,20.056
2019-05-02,23.006
2019-05-03,34.215
2019-05-04,13.237
2019-05-05,28.898
2019-05-06,38.148
2019-05-07,12.683
2019-05-08,13.275
2019-05-09,7.312
2019-05-10,31.615
2019-05-11,20.602
2019-05-12,5.732
2019-05-13,25.605
2019-05-14,17.697
2019-05-15,13.126
2019-05-16,12.795
2019-05-17,39.994
2019-05-18,6.209
2019-05-19,8.127
2019-05-20,44.883
2019-05-21,38.757
2019-05-22,20.275
2019-05-23,33.852
2019-05-24,21.177
2019-05-25,17.834
2019-05-26,0.0
2019-05-27,0.0
2019-05-28,30.499
2019-05-29,27.628
2019-05-30,34.665
2019-05-31,12.997
2019-06-01,4.378
2019-06-02,8.311
2019-06-03,25.288
2019-06-04,33.267
2019-06-05,19.383
2019-06-06,34.585
2019-06-07,44.256
2019-06-08,32.734
2019-06-09,52.453
2019-06-10,29.605
2019-06-11,17.383
2019-06-12,34.435
2019-06-13,36.329
2019-06-14,37.525
2019-06-15,0.0
2019-06-16,6.543
2019-06-17,16.754
2019-06-18,39.714
2019-06-19,14.616
2019-06-20,25.893
2019-06-21,37.854
2019-06-22,12.332
2019-06-23,14.163
2019-06-24,21.374
2019-06-25,38.576
2019-06-26,40.578
2019-06-27,7.087
2019-06-28,26.99
2019-06-29,27.117
2019-06-30,0.0
2019-07-01,26.238
2019-07-02,25.083
2019-07-03,29.206
2019-07-04,0.0
2019-07-05,3.58
2019-07-06,17.116
2019-07-07,0.0
2019-07-08,29.279
2019-07-09,24.211
2019-07-10,19.709
2019-07-11,49.966
2019-07-12,30.408
2019-07-13,47.467
2019-07-14,0.0
2019-07-15,44.214
2019-07-16,28.434
2019-07-17,42.81
2019-07-18,21.879
2019-07-19,24.817
2019-07-20,15.052
2019-07-21,0.0
2019-07-22,25.667
2019-07-23,19.621
2019-07-24,42.903
2019-07-25,26.897
2019-07-26,27.278
2019-07-27,18.894
2019-07-28,12.807
2019-07-29,23.834
2019-07-30,23.66
2019-07-31,14.8
2019-08-01,24.072
2019-08-02,31.386
2019-08-03,2.434
2019-08-04,13.807
2019-08-05,7.307
2019-08-06,23.042
2019-08-07,29.558
2019-08-08,37.762
2019-08-09,40.009
2019-08-10,8.291
2019-08-11,0.0
2019-08-12,22.903
2019-08-13,38.678
2019-08-14,31.235
2019-08-15,13.354
2019-08-16,4.26
2019-08-17,10.018
2019-08-18,16.02
2019-08-19,14.352
2019-08-20,6.36
2019-08-21,20.237
2019-08-22,23.618
2019-08-23,26.059
2019-08-24,3.9
2019-08-25,0.0
2019-08-26,19.03
2019-08-27,20.431
2019-08-28,29.223
2019-08-29,16.96
2019-08-30,11.317
2019-08-31,6.98
2019-09-01,9.789
2019-09-02,9.809
2019-09-03,9.167
2019-09-04,27.657
2019-09-05,6.842
2019-09-06,28.247
2019-09-07,16.422
2019-09-08,2.162
2019-09-09,34.844
2019-09-10,27.177
2019-09-11,92.787
2019-09-12,0.0
2019-09-13,43.292
2019-09-14,36.225
2019-09-15,5.463
2019-09-16,32.757
2019-09-17,27.345
2019-09-18,4.712
2019-09-19,43.705
2019-09-20,39.608
2019-09-21,19.344
2019-09-22,4.063
2019-09-23,31.044
2019-09-24,0.0
2019-09-25,24.033
2019-09-26,65.974
2019-09-27,0.0
2019-09-28,15.615
2019-09-29,12.281
2019-09-30,10.981
2019-10-01,7.407
2019-10-02,34.64
2019-10-03,13.241
2019-10-04,26.177
2019-10-05,22.86
2019-10-06,5.402
2019-10-07,31.468
2019-10-08,7.142
2019-10-09,17.567
2019-10-10,25.145
2019-10-11,30.73
2019-10-12,2.493
2019-10-13,37.071
2019-10-14,5.253
2019-10-15,23.776
2019-10-16,35.397
2019-10-17,23.803
2019-10-18,26.687
2019-10-19,11.354
2019-10-20,18.98
2019-10-21,6.769
2019-10-22,9.219
2019-10-23,23.131
2019-10-24,31.784
2019-10-25,9.593
2019-10-26,3.658
2019-10-27,8.125
2019-10-28,26.259
2019-10-29,53.628
2019-10-30,13.964
2019-10-31,4.661
2019-11-01,33.981
2019-11-02,32.224
2019-11-03,5.883
2019-11-04,29.804
2019-11-05,6.753
2019-11-06,16.316
2019-11-07,18.846
2019-11-08,36.595
2019-11-09,14.444
2019-11-10,15.563
2019-11-11,22.689
2019-11-12,14.681
2019-11-13,17.183
2019-11-14,34.609
2019-11-15,19.21
2019-11-16,11.312
2019-11-17,13.906
2019-11-18,19.887
2019-11-19,25.397
2019-11-20,31.107
2019-11-21,23.175
2019-11-22,5.684
2019-11-23,21.953
2019-11-24,9.857
2019-11-25,14.819
2019-11-26,31.714
2019-11-27,22.96
2019-11-28,0.0
2019-11-29,24.841
2019-11-30,12.43
2019-12-01,0.0
2019-12-02,21.019
2019-12-03,6.74
2019-12-04,9.614
2019-12-05,29.424
2019-12-06,15.468
2019-12-07,6.726
2019-12-08,14.081
2019-12-09,34.257
2019-12-10,39.214
2019-12-11,21.356
2019-12-12,17.019
2019-12-13,8.55
2019-12-14,15.506
2019-12-15,19.147
2019-12-16,31.749
2019-12-17,51.677
2019-12-18,43.757
2019-12-19,16.114
2019-12-20,25.341
2019-12-21,0.0
2019-12-22,18.656
2019-12-23,17.17
2019-12-24,26.746
2019-12-25,0.0
2019-12-26,14.262
2019-12-27,2.447
2019-12-28,0.0
2019-12-29,7.919
2019-12-30,0.0
2019-12-31,0.0
2020-01-01,0.0
2020-01-02,26.958
2020-01-03,11.725
2020-01-04,9.221
2020-01-05,0.0
2020-01-06,37.539
2020-01-07,30.693
2020-01-08,10.833
2020-01-09,42.164
2020-01-10,36.84
2020-01-11,14.196
2020-01-12,11.543
2020-01-13,24.403
2020-01-14,43.064
2020-01-15,58.999
2020-01-16,21.354
2020-01-17,29.624
2020-01-18,5.242
2020-01-19,17.495
2020-01-20,13.725
2020-01-21,39.306
2020-01-22,18.483
2020-01-23,30.729
2020-01-24,23.052
2020-01-25,15.863
2020-01-26,10.018
2020-01-27,28.62
2020-01-28,8.171
2020-01-29,9.762
2020-01-30,30.411
2020-01-31,32.127
2020-02-01,14.784
2020-02-02,0.0
2020-02-03,34.637
2020-02-04,40.528
2020-02-05,10.268
2020-02-06,28.0
2020-02-07,25.153
2020-02-08,17.781
2020-02-09,12.024
2020-02-10,10.757
2020-02-11,42.803
2020-02-12,26.461
2020-02-13,25.748
2020-02-14,10.674
2020-02-15,12.728
2020-02-16,18.1
2020-02-17,19.853
2020-02-18,17.724
2020-02-19,10.243
2020-02-20,26.497
2020-02-21,15.868
2020-02-22,13.743
2020-02-23,0.0
2020-02-24,14.091
2020-02-25,8.92
2020-02-26,37.311
2020-02-27,26.033
2020-02-28,24.585
2020-02-29,12.733
2020-03-01,17.284
2020-03-02,26.344
2020-03-03,6.644
2020-03-04,12.999
2020-03-05,13.285
2020-03-06,12.302
2020-03-07,8.359
2020-03-08,0.0
2020-03-09,9.468
2020-03-10,33.879
2020-03-11,19.119
2020-03-12,6.93
2020-03-13,10.307
2020-03-14,3.671
2020-03-15,0.0
2020-03-16,0.0
2020-03-17,41.825
2020-03-18,0.0
2020-03-19,11.166
2020-03-20,0.0
2020-03-21,0.0
2020-03-22,0.0
2020-03-23,0.0
2020-03-24,0.0
2020-03-25,0.0
2020-03-26,0.0
2020-03-27,0.0
2020-03-28,0.0
2020-03-29,0.0
2020-03-30,4.626
2020-03-31,0.0
2020-04-01,0.0
2020-04-02,0.0
2020-04-03,0.0
2020-04-04,0.0
2020-04-05,0.0
2020-04-06,0.0
2020-04-07,0.0
2020-04-08,0.0
2020-04-09,0.0
2020-04-10,0.0
2020-04-11,0.0
2020-04-12,0.0
2020-04-13,0.0
2020-04-14,0.0
2020-04-15,0.0
2020-04-16,0.0
2020-04-17,0.0
2020-04-18,0.0
2020-04-19,0.0
2020-04-20,0.0
2020-04-21,0.0
2020-04-22,0.0
2020-04-23,0.0
2020-04-24,0.0
2020-04-25,0.0
2020-04-26,0.0
2020-04-27,0.0
2020-04-28,0.0
2020-04-29,0.0
2020-04-30,12.573
2020-05-01,0.0
2020-05-02,0.0
2020-05-03,0.0
2020-05-04,0.0
2020-05-05,0.0
2020-05-06,0.0
2020-05-07,0.0
2020-05-08,0.0
2020-05-09,0.0
2020-05-10,0.0
2020-05-11,0.0
2020-05-12,0.0
2020-05-13,0.0
2020-05-14,0.0
2020-05-15,0.0
2020-05-16,0.0
2020-05-17,0.0
2020-05-18,0.0
2020-05-19,0.0
2020-05-20,0.0
2020-05-21,0.0
2020-05-22,0.0
2020-05-23,0.0
2020-05-24,0.0
2020-05-25,0.0
2020-05-26,0.0
2020-05-27,0.0
2020-05-28,0.0
2020-05-29,0.0
2020-05-30,0.0
2020-05-31,0.0
2020-06-01,16.07
2020-06-02,0.0
2020-06-03,0.0
2020-06-04,0.0
2020-06-05,0.0
2020-06-06,0.0
2020-06-07,0.0
2020-06-08,0.0
2020-06-09,9.976
2020-06-10,0.0
2020-06-11,0.0
2020-06-12,0.0
2020-06-13,0.0
2020-06-14,0.0
2020-06-15,0.0
2020-06-16,0.0
2020-06-17,0.0
2020-06-18,0.0
2020-06-19,0.0
2020-06-20,0.0
2020-06-21,0.0
2020-06-22,0.0
2020-06-23,0.0
2020-06-24,0.0
2020-06-25,0.0
2020-06-26,0.0
2020-06-27,1.133
2020-06-28,0.0
2020-06-29,0.0
2020-06-30,0.969
